id,firstname,lastname,email,email2,profession
100,Wynne,Goode,Wynne.Goode@yopmail.com,Wynne.Goode@gmail.com,firefighter
101,Micheline,Selway,Micheline.Selway@yopmail.com,Micheline.Selway@gmail.com,police officer
102,Angelique,Dudley,Angelique.Dudley@yopmail.com,Angelique.Dudley@gmail.com,worker
103,Kial,Gamaliel,Kial.Gamaliel@yopmail.com,Kial.Gamaliel@gmail.com,doctor
104,Donetta,Abernon,Donetta.Abernon@yopmail.com,Donetta.Abernon@gmail.com,firefighter
105,Ebonee,Hanshaw,Ebonee.Hanshaw@yopmail.com,Ebonee.Hanshaw@gmail.com,doctor
106,Tersina,Jobi,Tersina.Jobi@yopmail.com,Tersina.Jobi@gmail.com,worker
107,Dagmar,Burkle,Dagmar.Burkle@yopmail.com,Dagmar.Burkle@gmail.com,doctor
108,Gilligan,Giule,Gilligan.Giule@yopmail.com,Gilligan.Giule@gmail.com,doctor
109,Xylina,Saunderson,Xylina.Saunderson@yopmail.com,Xylina.Saunderson@gmail.com,police officer
110,Alexine,Karna,Alexine.Karna@yopmail.com,Alexine.Karna@gmail.com,worker
111,Aurelie,Malina,Aurelie.Malina@yopmail.com,Aurelie.Malina@gmail.com,police officer
112,Kenna,Tryck,Kenna.Tryck@yopmail.com,Kenna.Tryck@gmail.com,developer
113,Elyssa,Abernon,Elyssa.Abernon@yopmail.com,Elyssa.Abernon@gmail.com,developer
114,Viviene,Dowski,Viviene.Dowski@yopmail.com,Viviene.Dowski@gmail.com,doctor
115,Philis,Valoniah,Philis.Valoniah@yopmail.com,Philis.Valoniah@gmail.com,developer
116,Cristine,Teryn,Cristine.Teryn@yopmail.com,Cristine.Teryn@gmail.com,doctor
117,Theodora,Callista,Theodora.Callista@yopmail.com,Theodora.Callista@gmail.com,firefighter
118,Jsandye,Birdella,Jsandye.Birdella@yopmail.com,Jsandye.Birdella@gmail.com,doctor